{"data": [{"s_cat__0": {"content": [0, 0, 0, 0, 0, 0, 0, 0, 0, 0, 0, 0, 0, 0, 0, 0, 0, 0, 0, 0, 0, 0, 0, 0, 0, 0, 0, 0, 0, 0, 0, 0, 0, 0, 0, 0, 0, 0, 0, 0, 0, 0, 0, 0, 0, 0, 0, 0, 0, 0, 0, 0, 0, 0, 0, 0, 0, 0, 0, 0, 0, 0, 0, 0, 0, 0, 0, 0, 0, 0, 0, 0, 0, 0, 0, 0, 0, 0, 0, 0, 0, 0, 0, 0, 0, 0, 0, 0, 0, 0, 0, 0, 0, 0, 0, 0, 0, 0, 0, 0, 0, 0, 0, 0, 0, 0, 0, 0, 0, 0, 0, 0, 0, 0, 0, 0, 0, 0, 0, 0, 0, 0, 0, 0, 0, 0, 0, 0, 0, 0, 0, 0, 0, 0, 0, 0, 0, 0, 0, 0, 0, 0, 0, 0, 0, 0, 0, 0, 0, 0, 0, 0, 0, 0, 0, 0, 0, 0, 0, 0, 0, 0, 0, 0, 0, 0, 0, 0, 0, 0, 0, 0, 0, 0, 0, 0, 0, 0, 0, 0, 0, 0, 0, 0, 0, 0, 0, 0, 0, 0, 0, 0], "shape": [192, 1], "dtype": "int64"}, "s_cont__1": {"content": [1.0], "shape": [1], "dtype": "float64"}, "k_cat__2": {"content": [1.0], "shape": [1], "dtype": "float64"}, "k_cont__3": {"content": [-1.6621873378753662, 0.9778066277503967, 1.9161081314086914, -1.5176891088485718, 0.9778066277503967, 1.9170643091201782, -1.373190999031067, 0.9778066277503967, 1.918020486831665, -1.228692889213562, 0.9778066277503967, 1.9189765453338623, -1.0841946601867676, 0.9778066277503967, 1.9199327230453491, -0.9396965503692627, 0.9778066277503967, 1.920888900756836, -0.7951984405517578, 0.9778066277503967, 1.9218450784683228, -0.6507002711296082, 0.9778066277503967, 1.92280113697052, -0.5062021613121033, 0.9778066277503967, 1.9237573146820068, -0.361704021692276, 0.9778066277503967, 1.9247134923934937, -0.21720586717128754, 0.9778066277503967, 1.925669550895691, -0.07270773500204086, 0.9778066277503967, 1.9266257286071777, 0.071790412068367, 0.9778066277503967, 1.9275819063186646, 0.21628855168819427, 0.9778066277503967, 1.9285379648208618, 0.36078667640686035, 0.9778066277503967, 1.9294941425323486, 0.50528484582901, 0.9778066277503967, 1.9304503202438354, 0.6497829556465149, 0.9778066277503967, 1.9314064979553223, 0.7942811250686646, 0.9778066277503967, 1.9323625564575195, 0.9387792348861694, 0.9778066277503967, 1.9333187341690063, 1.0832773447036743, 0.9778066277503967, 1.9342749118804932, 1.2277755737304688, 0.9778066277503967, 1.9352309703826904, 1.3722736835479736, 0.9778066277503967, 1.9361871480941772, 1.5167717933654785, 0.9778066277503967, 1.937143325805664, 1.6612699031829834, 0.9778066277503967, 1.9380993843078613, -1.6621873378753662, 1.481731653213501, 1.9390555620193481, -1.5176891088485718, 1.481731653213501, 1.940011739730835, -1.373190999031067, 1.481731653213501, 1.9409677982330322, -1.228692889213562, 1.481731653213501, 1.941923975944519, -1.0841946601867676, 1.481731653213501, 1.9428801536560059, -0.9396965503692627, 1.481731653213501, 1.9438363313674927, -0.7951984405517578, 1.481731653213501, 1.94479238986969, -0.6507002711296082, 1.481731653213501, 1.9457485675811768, -0.5062021613121033, 1.481731653213501, 1.9467047452926636, -0.361704021692276, 1.481731653213501, 1.9476608037948608, -0.21720586717128754, 1.481731653213501, 1.9486169815063477, -0.07270773500204086, 1.481731653213501, 1.9495731592178345, 0.071790412068367, 1.481731653213501, 1.9505292177200317, 0.21628855168819427, 1.481731653213501, 1.9514853954315186, 0.36078667640686035, 1.481731653213501, 1.9524415731430054, 0.50528484582901, 1.481731653213501, 1.9533977508544922, 0.6497829556465149, 1.481731653213501, 1.9543538093566895, 0.7942811250686646, 1.481731653213501, 1.9553099870681763, 0.9387792348861694, 1.481731653213501, 1.956266164779663, 1.0832773447036743, 1.481731653213501, 1.9572222232818604, 1.2277755737304688, 1.481731653213501, 1.9581784009933472, 1.3722736835479736, 1.481731653213501, 1.959134578704834, 1.5167717933654785, 1.481731653213501, 1.9600906372070312, 1.6612699031829834, 1.481731653213501, 1.961046814918518, -1.6621873378753662, -1.5418188571929932, 1.9620029926300049, -1.5176891088485718, -1.5418188571929932, 1.9629591703414917, -1.373190999031067, -1.5418188571929932, 1.963915228843689, -1.228692889213562, -1.5418188571929932, 1.9648714065551758, -1.0841946601867676, -1.5418188571929932, 1.9658275842666626, -0.9396965503692627, -1.5418188571929932, 1.9667836427688599, -0.7951984405517578, -1.5418188571929932, 1.9677398204803467, -0.6507002711296082, -1.5418188571929932, 1.9686959981918335, -0.5062021613121033, -1.5418188571929932, 1.9696520566940308, -0.361704021692276, -1.5418188571929932, 1.9706082344055176, -0.21720586717128754, -1.5418188571929932, 1.9715644121170044, -0.07270773500204086, -1.5418188571929932, 1.9725205898284912, 0.071790412068367, -1.5418188571929932, 1.9734766483306885, 0.21628855168819427, -1.5418188571929932, 1.9744328260421753, 0.36078667640686035, -1.5418188571929932, 1.975389003753662, 0.50528484582901, -1.5418188571929932, 1.9763450622558594, 0.6497829556465149, -1.5418188571929932, 1.9773012399673462, 0.7942811250686646, -1.5418188571929932, 1.978257417678833, 0.9387792348861694, -1.5418188571929932, 1.9792134761810303, 1.0832773447036743, -1.5418188571929932, 1.980169653892517, 1.2277755737304688, -1.5418188571929932, 1.981125831604004, 1.3722736835479736, -1.5418188571929932, 1.9820820093154907, 1.5167717933654785, -1.5418188571929932, 1.983038067817688, 1.6612699031829834, -1.5418188571929932, 1.9839942455291748, -1.6621873378753662, -1.0378937721252441, 1.9849504232406616, -1.5176891088485718, -1.0378937721252441, 1.9859064817428589, -1.373190999031067, -1.0378937721252441, 1.9868626594543457, -1.228692889213562, -1.0378937721252441, 1.9878188371658325, -1.0841946601867676, -1.0378937721252441, 1.9887748956680298, -0.9396965503692627, -1.0378937721252441, 1.9897310733795166, -0.7951984405517578, -1.0378937721252441, 1.9906872510910034, -0.6507002711296082, -1.0378937721252441, 1.9916434288024902, -0.5062021613121033, -1.0378937721252441, 1.9925994873046875, -0.361704021692276, -1.0378937721252441, 1.9935556650161743, -0.21720586717128754, -1.0378937721252441, 1.9945118427276611, -0.07270773500204086, -1.0378937721252441, 1.9954679012298584, 0.071790412068367, -1.0378937721252441, 1.9964240789413452, 0.21628855168819427, -1.0378937721252441, 1.997380256652832, 0.36078667640686035, -1.0378937721252441, 1.9983363151550293, 0.50528484582901, -1.0378937721252441, 1.9992924928665161, 0.6497829556465149, -1.0378937721252441, 2.000248670578003, 0.7942811250686646, -1.0378937721252441, 2.0012047290802, 0.9387792348861694, -1.0378937721252441, 2.0021610260009766, 1.0832773447036743, -1.0378937721252441, 2.003117084503174, 1.2277755737304688, -1.0378937721252441, 2.004073143005371, 1.3722736835479736, -1.0378937721252441, 2.0050294399261475, 1.5167717933654785, -1.0378937721252441, 2.0059854984283447, 1.6612699031829834, -1.0378937721252441, 2.006941556930542, -1.6621873378753662, -0.5339686274528503, 2.0078978538513184, -1.5176891088485718, -0.5339686274528503, 2.0088539123535156, -1.373190999031067, -0.5339686274528503, 2.009809970855713, -1.228692889213562, -0.5339686274528503, 2.0107662677764893, -1.0841946601867676, -0.5339686274528503, 2.0117223262786865, -0.9396965503692627, -0.5339686274528503, 2.012678384780884, -0.7951984405517578, -0.5339686274528503, 2.01363468170166, -0.6507002711296082, -0.5339686274528503, 2.0145907402038574, -0.5062021613121033, -0.5339686274528503, 2.0155467987060547, -0.361704021692276, -0.5339686274528503, 2.016503095626831, -0.21720586717128754, -0.5339686274528503, 2.0174591541290283, -0.07270773500204086, -0.5339686274528503, 2.0184154510498047, 0.071790412068367, -0.5339686274528503, 2.019371509552002, 0.21628855168819427, -0.5339686274528503, 2.020327568054199, 0.36078667640686035, -0.5339686274528503, 2.0212838649749756, 0.50528484582901, -0.5339686274528503, 2.022239923477173, 0.6497829556465149, -0.5339686274528503, 2.02319598197937, 0.7942811250686646, -0.5339686274528503, 2.0241522789001465, 0.9387792348861694, -0.5339686274528503, 2.0251083374023438, 1.0832773447036743, -0.5339686274528503, 2.026064395904541, 1.2277755737304688, -0.5339686274528503, 2.0270206928253174, 1.3722736835479736, -0.5339686274528503, 2.0279767513275146, 1.5167717933654785, -0.5339686274528503, 